event_id,person_id,event_type,date,total_tenure_months,time_on_level_months,level,role,office,from_level,to_level,cat_category,progression_probability,churn_rate,recruitment_rate
42863849-c152-4ba3-a5e8-29d296af9367_000001,25b88664-c120-4754-a8ca-14ad62da7a95,promotion,2025-1,6,6,A,Consultant,Stockholm,A,AC,CAT6,,,
42863849-c152-4ba3-a5e8-29d296af9367_000002,85ee08db-469c-45fc-aaec-85b1cb01a20d,promotion,2025-1,6,6,A,Consultant,Stockholm,A,AC,CAT6,,,
42863849-c152-4ba3-a5e8-29d296af9367_000003,c23f207f-4927-41a7-a714-b5ddd77e8bb8,promotion,2025-1,85,35,AM,Consultant,Stockholm,AM,C,CAT30,,,
42863849-c152-4ba3-a5e8-29d296af9367_000004,112b4b3a-077e-4662-ab6c-fdd00a26a9a2,promotion,2025-1,91,32,AM,Consultant,Stockholm,AM,C,CAT30,,,
42863849-c152-4ba3-a5e8-29d296af9367_000005,3ad56f02-7343-4f9b-9519-ffdca555f07c,promotion,2025-1,31,13,C,Consultant,Stockholm,C,M,CAT12,,,
42863849-c152-4ba3-a5e8-29d296af9367_000006,6befd541-5ce5-4cba-982b-a38848b0c708,promotion,2025-1,32,14,C,Consultant,Stockholm,C,M,CAT12,,,
42863849-c152-4ba3-a5e8-29d296af9367_000007,1b44f297-6d1a-46d8-8a2c-ab02a3259960,promotion,2025-1,28,12,C,Consultant,Stockholm,C,M,CAT12,,,
42863849-c152-4ba3-a5e8-29d296af9367_000008,4372db9f-2de7-4834-9364-a7c483244b65,promotion,2025-1,33,12,C,Consultant,Stockholm,C,M,CAT12,,,
42863849-c152-4ba3-a5e8-29d296af9367_000009,c70761f2-ad4d-4b07-b6ab-3632cabfd32f,promotion,2025-1,27,12,C,Consultant,Stockholm,C,M,CAT12,,,
42863849-c152-4ba3-a5e8-29d296af9367_000010,45979b84-4d7e-45bb-8ada-e1a02c77cda6,promotion,2025-1,32,17,C,Consultant,Stockholm,C,M,CAT12,,,
42863849-c152-4ba3-a5e8-29d296af9367_000011,7d018dfc-5c51-40a7-85d7-a944432fe02b,promotion,2025-1,32,13,C,Consultant,Stockholm,C,M,CAT12,,,
42863849-c152-4ba3-a5e8-29d296af9367_000012,a7b04c16-77d0-4979-bcf2-427f2a453a86,promotion,2025-1,29,13,C,Consultant,Stockholm,C,M,CAT12,,,
42863849-c152-4ba3-a5e8-29d296af9367_000013,fcb489eb-1a15-42f9-88c0-4767adb0306b,promotion,2025-1,30,15,C,Consultant,Stockholm,C,M,CAT12,,,
42863849-c152-4ba3-a5e8-29d296af9367_000014,f3884f53-5650-409b-b919-b81318b5ece8,promotion,2025-1,30,14,C,Consultant,Stockholm,C,M,CAT12,,,
42863849-c152-4ba3-a5e8-29d296af9367_000015,f494fb29-63fa-4d0b-a779-2a5008afa07d,promotion,2025-1,28,13,C,Consultant,Munich,C,SrC,CAT12,,,
42863849-c152-4ba3-a5e8-29d296af9367_000016,7eb854a8-f5e0-4c47-89ca-d1c3b233dedd,promotion,2025-1,31,15,C,Consultant,Munich,C,SrC,CAT12,,,
42863849-c152-4ba3-a5e8-29d296af9367_000017,cf4c4cc1-7066-4747-bb8e-1bd2bad1928e,promotion,2025-1,27,12,C,Consultant,Munich,C,SrC,CAT12,,,
42863849-c152-4ba3-a5e8-29d296af9367_000018,9efea544-f58b-4c6b-83aa-bf23cb72cc4c,promotion,2025-1,33,17,C,Consultant,Munich,C,SrC,CAT12,,,
42863849-c152-4ba3-a5e8-29d296af9367_000019,7ff95734-c7bf-41e5-b015-daea70cd1a6e,promotion,2025-1,83,33,AM,Consultant,Munich,AM,M,CAT30,,,
42863849-c152-4ba3-a5e8-29d296af9367_000020,c42bd252-1117-496a-bd70-4e0e1c754af3,promotion,2025-1,80,30,AM,Consultant,Munich,AM,M,CAT30,,,
42863849-c152-4ba3-a5e8-29d296af9367_000021,764900c7-914f-4557-9e4a-3cb733c6c540,promotion,2025-1,83,33,AM,Consultant,Munich,AM,M,CAT30,,,
42863849-c152-4ba3-a5e8-29d296af9367_000022,cd5a0676-1fab-48bc-83d3-f3ac02827b72,promotion,2025-1,145,36,M,Consultant,Munich,M,SrM,CAT36,,,
42863849-c152-4ba3-a5e8-29d296af9367_000023,b61ae284-9911-495d-9f78-a8829ab5bbf3,promotion,2025-1,30,12,C,Consultant,Hamburg,C,SrC,CAT12,,,
42863849-c152-4ba3-a5e8-29d296af9367_000024,ce22d687-84a6-42af-bd0d-8194a3cea3b6,promotion,2025-1,33,12,C,Consultant,Hamburg,C,SrC,CAT12,,,
42863849-c152-4ba3-a5e8-29d296af9367_000025,907018bf-52c1-4d83-b933-350c4e106f90,promotion,2025-1,27,12,C,Consultant,Hamburg,C,SrC,CAT12,,,
42863849-c152-4ba3-a5e8-29d296af9367_000026,535eb25c-800b-434d-9858-0c1ccd2a2674,promotion,2025-1,29,14,C,Consultant,Hamburg,C,SrC,CAT12,,,
42863849-c152-4ba3-a5e8-29d296af9367_000027,d1666801-f515-4100-8d4e-bdcccd4f6c09,promotion,2025-1,30,15,C,Recruitment,Hamburg,C,SrC,CAT12,,,
42863849-c152-4ba3-a5e8-29d296af9367_000028,afed4c7f-53ba-4093-98d4-ce6eee33ffac,promotion,2025-1,84,34,AM,Consultant,Oslo,AM,M,CAT30,,,
42863849-c152-4ba3-a5e8-29d296af9367_000029,fb570aed-f654-4c0f-b9ae-769ae4f6a970,promotion,2025-1,82,32,AM,Consultant,Oslo,AM,M,CAT30,,,
42863849-c152-4ba3-a5e8-29d296af9367_000030,b1673841-b2f7-4695-8c8d-68dee60c0b83,promotion,2025-1,82,32,AM,Consultant,Oslo,AM,M,CAT30,,,
42863849-c152-4ba3-a5e8-29d296af9367_000031,8f3b0596-9e0c-4ce2-82ab-fa9366c0c7f4,promotion,2025-1,31,14,C,Sales,Oslo,C,SrC,CAT12,,,
42863849-c152-4ba3-a5e8-29d296af9367_000032,9bb87a58-85fd-4e31-a4b6-465889b32be1,promotion,2025-1,29,14,C,Consultant,Copenhagen,C,SrC,CAT12,,,
42863849-c152-4ba3-a5e8-29d296af9367_000033,fd1c5c9c-33a7-4d9c-ace3-fa72c74f87c9,recruitment,2025-2,0,0,A,Consultant,Stockholm,,,,,,0.0127
42863849-c152-4ba3-a5e8-29d296af9367_000034,4bb19c71-d327-42d7-8a42-df42f313bcf8,recruitment,2025-3,0,0,A,Consultant,Stockholm,,,,,,0.0127
42863849-c152-4ba3-a5e8-29d296af9367_000035,3d66e92d-902a-4813-aa5b-b29509f723bc,promotion,2025-4,8,8,A,Consultant,Stockholm,A,AC,CAT6,,,
42863849-c152-4ba3-a5e8-29d296af9367_000036,3b467b4b-08cf-4965-862b-0759042d1703,promotion,2025-4,7,6,A,Consultant,Stockholm,A,AC,CAT6,,,
42863849-c152-4ba3-a5e8-29d296af9367_000037,38b281b6-d8df-440c-ab81-9966ef922daa,promotion,2025-4,8,8,A,Consultant,Stockholm,A,AC,CAT6,,,
42863849-c152-4ba3-a5e8-29d296af9367_000038,ae58b01b-a0c8-4e37-9784-24913ef6c627,promotion,2025-4,8,7,A,Consultant,Stockholm,A,AC,CAT6,,,
42863849-c152-4ba3-a5e8-29d296af9367_000039,372987d1-4ce5-460f-8445-b095795a2ea9,promotion,2025-4,6,6,A,Consultant,Stockholm,A,AC,CAT6,,,
42863849-c152-4ba3-a5e8-29d296af9367_000040,aa2d463e-e5bc-4ce2-8077-12b663d69d78,promotion,2025-4,8,6,A,Consultant,Stockholm,A,AC,CAT6,,,
42863849-c152-4ba3-a5e8-29d296af9367_000041,eff7280b-56a9-4f44-9d67-87d36d61fe3a,promotion,2025-4,9,8,A,Consultant,Stockholm,A,AC,CAT6,,,
42863849-c152-4ba3-a5e8-29d296af9367_000042,e586221b-b88f-4890-8986-56ecaa31bee5,promotion,2025-4,7,7,A,Consultant,Stockholm,A,AC,CAT6,,,
42863849-c152-4ba3-a5e8-29d296af9367_000043,9d924b5e-902a-4ded-b9b3-4761d0cfa303,promotion,2025-4,8,8,A,Consultant,Stockholm,A,AC,CAT6,,,
42863849-c152-4ba3-a5e8-29d296af9367_000044,7ae62f51-cf86-4916-b84d-15a12376d12c,promotion,2025-4,8,8,A,Consultant,Stockholm,A,AC,CAT6,,,
42863849-c152-4ba3-a5e8-29d296af9367_000045,a383ab3e-6625-4159-9b35-c5787c967f88,promotion,2025-4,7,7,A,Consultant,Stockholm,A,AC,CAT6,,,
42863849-c152-4ba3-a5e8-29d296af9367_000046,d6efc2c4-9d08-4df4-bb8d-6e29e5260b3b,promotion,2025-4,6,6,A,Consultant,Stockholm,A,AC,CAT6,,,
42863849-c152-4ba3-a5e8-29d296af9367_000047,f4b39781-46bd-42ad-8d1b-35f6cd524476,promotion,2025-4,8,7,A,Consultant,Stockholm,A,AC,CAT6,,,
42863849-c152-4ba3-a5e8-29d296af9367_000048,cfcfba54-d905-4602-8c79-3bae715c8eba,promotion,2025-4,8,6,A,Consultant,Stockholm,A,AC,CAT6,,,
42863849-c152-4ba3-a5e8-29d296af9367_000049,6784c9fa-d5af-4076-ada9-236ee3943a7e,promotion,2025-4,18,9,AC,Consultant,Stockholm,AC,AM,CAT6,,,
42863849-c152-4ba3-a5e8-29d296af9367_000050,c1bba07d-0878-4fe2-9d8d-16833dfbf000,promotion,2025-4,9,8,A,Sales,Stockholm,A,AC,CAT6,,,
42863849-c152-4ba3-a5e8-29d296af9367_000051,69c33c97-e7d1-4c0b-bbbd-9556a91bfcab,promotion,2025-4,8,8,A,Sales,Stockholm,A,AC,CAT6,,,
42863849-c152-4ba3-a5e8-29d296af9367_000052,976ef7b6-6c51-4b48-b5a5-25df4cf26ce9,promotion,2025-4,9,7,A,Sales,Stockholm,A,AC,CAT6,,,
42863849-c152-4ba3-a5e8-29d296af9367_000053,94ad991d-5782-4ba4-a230-248d40ef83bc,recruitment,2025-4,0,0,A,Consultant,Stockholm,,,,,,0.0127
42863849-c152-4ba3-a5e8-29d296af9367_000054,f3253970-b7b2-4390-bcd5-20610a9802eb,promotion,2025-4,7,6,A,Consultant,Munich,A,AC,CAT6,,,
42863849-c152-4ba3-a5e8-29d296af9367_000055,d4e8be54-9a5f-4f5a-a9ee-a692b5057ee1,promotion,2025-4,8,8,A,Consultant,Munich,A,AC,CAT6,,,
42863849-c152-4ba3-a5e8-29d296af9367_000056,6ad3c7ea-23ba-467c-8c85-88b540fc3974,promotion,2025-4,8,7,A,Consultant,Munich,A,AC,CAT6,,,
42863849-c152-4ba3-a5e8-29d296af9367_000057,dbbeb8d2-a54d-424f-a5c5-04b647921fdd,promotion,2025-4,6,6,A,Consultant,Munich,A,AC,CAT6,,,
42863849-c152-4ba3-a5e8-29d296af9367_000058,eb8753b6-bcfc-45dd-b0d2-3dc06ecf372e,promotion,2025-4,8,8,A,Consultant,Hamburg,A,AC,CAT6,,,
42863849-c152-4ba3-a5e8-29d296af9367_000059,3743c74a-7cfe-4b78-b3b7-df6fb4a9dc6a,promotion,2025-4,7,6,A,Consultant,Hamburg,A,AC,CAT6,,,
42863849-c152-4ba3-a5e8-29d296af9367_000060,f5652cb3-5cc7-4a2f-b406-38138dbd23c3,promotion,2025-4,6,6,A,Sales,Hamburg,A,AC,CAT6,,,
42863849-c152-4ba3-a5e8-29d296af9367_000061,4c2637ee-e44b-4e41-b09f-3de307110466,promotion,2025-4,9,9,A,Sales,Hamburg,A,AC,CAT6,,,
42863849-c152-4ba3-a5e8-29d296af9367_000062,1bbbe534-0c71-4819-b66d-99352a152716,promotion,2025-4,8,8,A,Consultant,Helsinki,A,AC,CAT6,,,
42863849-c152-4ba3-a5e8-29d296af9367_000063,d4ec5076-c6ef-432c-85db-23dba1ad8273,promotion,2025-4,7,6,A,Consultant,Helsinki,A,AC,CAT6,,,
42863849-c152-4ba3-a5e8-29d296af9367_000064,18db01a0-5049-45e3-a118-a5ced22fd829,promotion,2025-4,8,7,A,Consultant,Helsinki,A,AC,CAT6,,,
42863849-c152-4ba3-a5e8-29d296af9367_000065,6a71b79b-5655-4459-bea3-bc4744bb4e78,promotion,2025-4,7,7,A,Sales,Helsinki,A,AC,CAT6,,,
42863849-c152-4ba3-a5e8-29d296af9367_000066,dd1bfa73-bbf6-4be6-a885-885437d267b5,promotion,2025-4,8,8,A,Consultant,Copenhagen,A,AC,CAT6,,,
42863849-c152-4ba3-a5e8-29d296af9367_000067,007960d4-fc75-43e1-af66-b584e10bea6a,promotion,2025-4,7,7,A,Recruitment,Zurich,A,AC,CAT6,,,
42863849-c152-4ba3-a5e8-29d296af9367_000068,018aa831-d5ec-479e-8d48-036b4749de49,promotion,2025-4,18,9,AC,Consultant,Frankfurt,AC,C,CAT6,,,
42863849-c152-4ba3-a5e8-29d296af9367_000069,e7501c45-9807-4e88-8c5d-4df6973f5f44,promotion,2025-4,6,6,A,Sales,Amsterdam,A,AC,CAT6,,,
42863849-c152-4ba3-a5e8-29d296af9367_000070,01d8b47f-f790-45df-a99b-5a8fe7a7eb8d,recruitment,2025-5,0,0,A,Consultant,Munich,,,,,,0.0127
42863849-c152-4ba3-a5e8-29d296af9367_000071,98179c64-fbe6-415b-abf6-e310d4a5063a,recruitment,2025-6,0,0,A,Consultant,Stockholm,,,,,,0.0127
42863849-c152-4ba3-a5e8-29d296af9367_000072,d7b94285-63a9-4810-b337-6ea6d675cabe,recruitment,2025-6,0,0,AC,Consultant,Stockholm,,,,,,0.0028
42863849-c152-4ba3-a5e8-29d296af9367_000073,8d172fda-1f07-44ab-af5e-0bef27a635e4,churn,2025-6,16,10,AC,Sales,Stockholm,,,,,0.018,
42863849-c152-4ba3-a5e8-29d296af9367_000074,c1ecba7f-6758-41ba-8248-a621f55a5374,recruitment,2025-6,0,0,AC,Sales,Stockholm,,,,,,0.02
42863849-c152-4ba3-a5e8-29d296af9367_000075,a0c79e3c-1878-4491-a2e3-9ceb49552dc6,churn,2025-6,98,35,AM,Sales,Stockholm,,,,,0.018,
42863849-c152-4ba3-a5e8-29d296af9367_000076,0fd4fb12-812c-4f20-b778-b20926e2c972,recruitment,2025-6,0,0,A,Consultant,Helsinki,,,,,,0.0127
42863849-c152-4ba3-a5e8-29d296af9367_000077,d19898a6-6b91-46a5-8571-07b01ae61091,promotion,2025-7,11,6,A,Consultant,Stockholm,A,AC,CAT6,,,
42863849-c152-4ba3-a5e8-29d296af9367_000078,8f4cbe43-ce93-47fb-b769-0360cb6ebfbf,promotion,2025-7,6,6,A,Consultant,Stockholm,A,AC,CAT6,,,
42863849-c152-4ba3-a5e8-29d296af9367_000079,3934579a-f50b-4918-8d6c-73da485cb08c,promotion,2025-7,8,7,A,Consultant,Stockholm,A,AC,CAT6,,,
42863849-c152-4ba3-a5e8-29d296af9367_000080,3d2987f6-7c0d-4447-b1c2-6e4c95c355d9,promotion,2025-7,11,6,A,Consultant,Stockholm,A,AC,CAT6,,,
42863849-c152-4ba3-a5e8-29d296af9367_000081,a0c893dc-d224-46ab-914f-8f5f51cab90d,promotion,2025-7,10,6,A,Consultant,Stockholm,A,AC,CAT6,,,
42863849-c152-4ba3-a5e8-29d296af9367_000082,1d19e372-c32d-4be9-8dc9-e8dc6ae12a69,promotion,2025-7,6,6,A,Consultant,Stockholm,A,AC,CAT6,,,
42863849-c152-4ba3-a5e8-29d296af9367_000083,bbaf0db5-3da9-427e-b396-bb77af0faea4,promotion,2025-7,7,7,A,Consultant,Stockholm,A,AC,CAT6,,,
42863849-c152-4ba3-a5e8-29d296af9367_000084,7b61853d-a258-400e-987d-f279f835f28b,promotion,2025-7,10,6,A,Consultant,Stockholm,A,AC,CAT6,,,
42863849-c152-4ba3-a5e8-29d296af9367_000085,3fe174eb-66df-44aa-962f-e974ce8d2024,promotion,2025-7,10,7,A,Consultant,Stockholm,A,AC,CAT6,,,
42863849-c152-4ba3-a5e8-29d296af9367_000086,5b87bcb7-11c1-4452-aca8-87d24250c560,promotion,2025-7,9,7,A,Consultant,Stockholm,A,AC,CAT6,,,
42863849-c152-4ba3-a5e8-29d296af9367_000087,36c7247d-7c34-412a-94a1-130735f40cd9,promotion,2025-7,8,8,A,Consultant,Stockholm,A,AC,CAT6,,,
42863849-c152-4ba3-a5e8-29d296af9367_000088,51b40bcf-ff5e-48e4-9a6d-5c5d9e064dfb,promotion,2025-7,12,6,A,Consultant,Stockholm,A,AC,CAT6,,,
42863849-c152-4ba3-a5e8-29d296af9367_000089,5bef9296-1afa-4c83-805e-bafb2d716093,promotion,2025-7,7,7,A,Consultant,Stockholm,A,AC,CAT6,,,
42863849-c152-4ba3-a5e8-29d296af9367_000090,fc06fb84-687a-4ed8-b774-f4730c079f72,promotion,2025-7,8,7,A,Consultant,Stockholm,A,AC,CAT6,,,
42863849-c152-4ba3-a5e8-29d296af9367_000091,dc8a50c9-b0de-474a-be23-1441dcad5bf9,promotion,2025-7,7,7,A,Consultant,Stockholm,A,AC,CAT6,,,
42863849-c152-4ba3-a5e8-29d296af9367_000092,d4039ab5-95fd-4f35-b1c3-753ebdb260af,promotion,2025-7,8,6,A,Consultant,Stockholm,A,AC,CAT6,,,
42863849-c152-4ba3-a5e8-29d296af9367_000093,401ab391-899b-4347-a121-394ab60ce82a,promotion,2025-7,6,6,A,Consultant,Stockholm,A,AC,CAT6,,,
42863849-c152-4ba3-a5e8-29d296af9367_000094,f71b2ba2-3be3-4224-ae12-b8c43bbb0381,promotion,2025-7,6,6,A,Consultant,Stockholm,A,AC,CAT6,,,
42863849-c152-4ba3-a5e8-29d296af9367_000095,ee2eac36-e152-47e6-8174-5ff0a8b484bf,promotion,2025-7,12,8,A,Consultant,Stockholm,A,AC,CAT6,,,
42863849-c152-4ba3-a5e8-29d296af9367_000096,0bf8ee32-b204-4ef4-a57a-b6ce1f91c9b7,promotion,2025-7,10,8,A,Consultant,Stockholm,A,AC,CAT6,,,
42863849-c152-4ba3-a5e8-29d296af9367_000097,0359295b-8e4c-4fbb-9b81-d06f90dccfde,promotion,2025-7,12,6,A,Consultant,Stockholm,A,AC,CAT6,,,
42863849-c152-4ba3-a5e8-29d296af9367_000098,36afbfb9-9bd9-45c5-b783-e8fd19ccfacd,promotion,2025-7,10,6,A,Consultant,Stockholm,A,AC,CAT6,,,
42863849-c152-4ba3-a5e8-29d296af9367_000099,bfbebb33-5f2f-4de6-975a-9969fe0de0ae,promotion,2025-7,9,6,A,Consultant,Stockholm,A,AC,CAT6,,,
42863849-c152-4ba3-a5e8-29d296af9367_000100,91e234d7-a669-4495-8ab8-d716b188b73c,promotion,2025-7,10,8,A,Consultant,Stockholm,A,AC,CAT6,,,
42863849-c152-4ba3-a5e8-29d296af9367_000101,b8bc86ad-4994-49d8-9cfb-7e6f947fc0a8,promotion,2025-7,8,8,A,Consultant,Stockholm,A,AC,CAT6,,,
42863849-c152-4ba3-a5e8-29d296af9367_000102,06c9ea85-9f58-423d-939b-8d269ec46723,promotion,2025-7,7,7,A,Consultant,Stockholm,A,AC,CAT6,,,
42863849-c152-4ba3-a5e8-29d296af9367_000103,c4236961-567d-4605-b1b5-f2bd1fcfe361,promotion,2025-7,6,6,A,Consultant,Stockholm,A,AC,CAT6,,,
42863849-c152-4ba3-a5e8-29d296af9367_000104,18f44045-f457-4c27-a4c7-7fcc6db95097,promotion,2025-7,11,7,A,Consultant,Stockholm,A,AC,CAT6,,,
42863849-c152-4ba3-a5e8-29d296af9367_000105,4656e4c6-8b4d-46c3-88da-04017324b267,promotion,2025-7,12,8,A,Consultant,Stockholm,A,AC,CAT6,,,
42863849-c152-4ba3-a5e8-29d296af9367_000106,975af1de-06da-4900-a357-a9999e76da3e,promotion,2025-7,6,6,A,Consultant,Stockholm,A,AC,CAT6,,,
42863849-c152-4ba3-a5e8-29d296af9367_000107,22b29d93-565e-4389-8876-fc02ecca2a75,promotion,2025-7,7,7,A,Consultant,Stockholm,A,AC,CAT6,,,
42863849-c152-4ba3-a5e8-29d296af9367_000108,21740c9c-0f90-4799-8eaa-4eac91ab4ce1,promotion,2025-7,6,6,A,Consultant,Stockholm,A,AC,CAT6,,,
42863849-c152-4ba3-a5e8-29d296af9367_000109,826927a0-494b-44ec-bf6d-40353e19cbcd,promotion,2025-7,8,8,A,Consultant,Stockholm,A,AC,CAT6,,,
42863849-c152-4ba3-a5e8-29d296af9367_000110,ad8233c2-0b40-4c60-a19a-6d34015e5944,promotion,2025-7,8,8,A,Consultant,Stockholm,A,AC,CAT6,,,
42863849-c152-4ba3-a5e8-29d296af9367_000111,391f7c72-c813-4680-9e3b-0c1ea1cbe14f,promotion,2025-7,7,7,A,Consultant,Stockholm,A,AC,CAT6,,,
42863849-c152-4ba3-a5e8-29d296af9367_000112,4de342e9-c589-4d63-9b61-16e57fccf599,promotion,2025-7,8,8,A,Consultant,Stockholm,A,AC,CAT6,,,
42863849-c152-4ba3-a5e8-29d296af9367_000113,78a36a22-3444-4037-88f1-122375046ede,promotion,2025-7,6,6,A,Consultant,Stockholm,A,AC,CAT6,,,
42863849-c152-4ba3-a5e8-29d296af9367_000114,c720af6e-e675-4a33-bf4b-2a23ce6ca24f,promotion,2025-7,11,7,A,Consultant,Stockholm,A,AC,CAT6,,,
42863849-c152-4ba3-a5e8-29d296af9367_000115,1b713717-803e-4afc-87ab-4fe28342f876,promotion,2025-7,7,7,A,Consultant,Stockholm,A,AC,CAT6,,,
42863849-c152-4ba3-a5e8-29d296af9367_000116,30d5e2ff-1aef-453f-aaf5-95fd075190fd,promotion,2025-7,7,7,A,Consultant,Stockholm,A,AC,CAT6,,,
42863849-c152-4ba3-a5e8-29d296af9367_000117,547a084c-62b4-4d05-851e-463d1d6893cb,promotion,2025-7,8,8,A,Consultant,Stockholm,A,AC,CAT6,,,
42863849-c152-4ba3-a5e8-29d296af9367_000118,1adc328d-6435-4e58-9707-60f93e186662,promotion,2025-7,12,6,A,Consultant,Stockholm,A,AC,CAT6,,,
42863849-c152-4ba3-a5e8-29d296af9367_000119,06afb933-f495-49fb-b39a-0e8e274eaaae,promotion,2025-7,12,8,A,Consultant,Stockholm,A,AC,CAT6,,,
42863849-c152-4ba3-a5e8-29d296af9367_000120,a0d1091c-fca8-47d3-8c42-f8d5a7667b39,promotion,2025-7,9,8,A,Consultant,Stockholm,A,AC,CAT6,,,
42863849-c152-4ba3-a5e8-29d296af9367_000121,81a855b4-1d08-4449-ab27-e9f6dac230ca,promotion,2025-7,6,6,A,Consultant,Stockholm,A,AC,CAT6,,,
42863849-c152-4ba3-a5e8-29d296af9367_000122,ab51ebd8-965b-48db-ab3b-597241e96162,promotion,2025-7,10,10,A,Consultant,Stockholm,A,AC,CAT6,,,
42863849-c152-4ba3-a5e8-29d296af9367_000123,dc6e17f6-88b8-45f8-a333-4f21eba92e56,promotion,2025-7,8,7,A,Consultant,Stockholm,A,AC,CAT6,,,
42863849-c152-4ba3-a5e8-29d296af9367_000124,b1b5aa9a-9655-42aa-92f3-c91e2eac3cfa,promotion,2025-7,18,12,AC,Consultant,Stockholm,AC,AM,CAT12,,,
42863849-c152-4ba3-a5e8-29d296af9367_000125,ab1c3772-a7ab-4a83-aa02-95dc3151dea4,promotion,2025-7,20,14,AC,Consultant,Stockholm,AC,AM,CAT12,,,
42863849-c152-4ba3-a5e8-29d296af9367_000126,9b10b0e7-713f-4c42-b67b-7586eea7b813,promotion,2025-7,18,12,AC,Consultant,Stockholm,AC,AM,CAT12,,,
42863849-c152-4ba3-a5e8-29d296af9367_000127,36f6dd27-bb71-4bb3-92fc-004d08158f32,promotion,2025-7,20,13,AC,Consultant,Stockholm,AC,AM,CAT12,,,
42863849-c152-4ba3-a5e8-29d296af9367_000128,f97b843c-ce08-4f49-8fb9-c25c2f69339a,promotion,2025-7,21,13,AC,Consultant,Stockholm,AC,AM,CAT12,,,
42863849-c152-4ba3-a5e8-29d296af9367_000129,fff6abe5-28a9-4e4f-8757-2eaf597f585e,promotion,2025-7,20,14,AC,Consultant,Stockholm,AC,AM,CAT12,,,
42863849-c152-4ba3-a5e8-29d296af9367_000130,653e9d5f-1ef5-49bc-b312-50a39fea5916,promotion,2025-7,19,13,AC,Consultant,Stockholm,AC,AM,CAT12,,,
42863849-c152-4ba3-a5e8-29d296af9367_000131,06adcbd8-53b3-4d2d-8325-0dd08837218c,promotion,2025-7,82,32,AM,Consultant,Stockholm,AM,C,CAT30,,,
42863849-c152-4ba3-a5e8-29d296af9367_000132,0bf61f11-cdde-461d-bde0-b23f5b220502,promotion,2025-7,96,33,AM,Consultant,Stockholm,AM,C,CAT30,,,
42863849-c152-4ba3-a5e8-29d296af9367_000133,d55a29c0-7451-4c82-9e0d-b23a409ca718,promotion,2025-7,27,12,C,Consultant,Stockholm,C,M,CAT12,,,
42863849-c152-4ba3-a5e8-29d296af9367_000134,cd7c476c-9ef3-437d-8adc-869e174b4f62,promotion,2025-7,34,19,C,Consultant,Stockholm,C,M,CAT18,,,
42863849-c152-4ba3-a5e8-29d296af9367_000135,42e89b65-5fce-4454-b14c-08cc5e646170,promotion,2025-7,37,22,C,Consultant,Stockholm,C,M,CAT18,,,
42863849-c152-4ba3-a5e8-29d296af9367_000136,e300a4d3-40e2-4a30-9ba7-327b69a8edb1,promotion,2025-7,35,14,C,Consultant,Stockholm,C,M,CAT12,,,
42863849-c152-4ba3-a5e8-29d296af9367_000137,bdd3c001-ecd4-4c7a-b508-490ffd9891c6,promotion,2025-7,28,13,C,Consultant,Stockholm,C,M,CAT12,,,
42863849-c152-4ba3-a5e8-29d296af9367_000138,c5160ec4-bf07-489c-9844-4a770355f69b,promotion,2025-7,37,21,C,Consultant,Stockholm,C,M,CAT18,,,
42863849-c152-4ba3-a5e8-29d296af9367_000139,74a07dff-55b5-4cae-a2ff-6096bd4b951d,promotion,2025-7,34,19,C,Consultant,Stockholm,C,M,CAT18,,,
42863849-c152-4ba3-a5e8-29d296af9367_000140,23cbdd4c-90f2-4808-8cb7-f1e714cdc9ec,promotion,2025-7,31,16,C,Consultant,Stockholm,C,M,CAT12,,,
42863849-c152-4ba3-a5e8-29d296af9367_000141,e23313c9-c70d-4f3b-be54-8906d1ffdad7,promotion,2025-7,35,19,C,Consultant,Stockholm,C,M,CAT18,,,
42863849-c152-4ba3-a5e8-29d296af9367_000142,59384387-a9aa-4ab0-bfce-37d955ab2d2e,promotion,2025-7,32,15,C,Consultant,Stockholm,C,M,CAT12,,,
42863849-c152-4ba3-a5e8-29d296af9367_000143,a3a6a92a-115a-45d7-9e50-2a0e11adfe29,promotion,2025-7,34,19,C,Consultant,Stockholm,C,M,CAT18,,,
42863849-c152-4ba3-a5e8-29d296af9367_000144,2e6cb31e-7844-4669-84e5-4d32f53012e0,promotion,2025-7,39,24,C,Consultant,Stockholm,C,M,CAT24,,,
42863849-c152-4ba3-a5e8-29d296af9367_000145,a04ad3af-aef7-4870-b064-ae1bcfd3f388,promotion,2025-7,33,16,C,Consultant,Stockholm,C,M,CAT12,,,
42863849-c152-4ba3-a5e8-29d296af9367_000146,08882f97-674f-4cd0-800f-0e987f259919,promotion,2025-7,27,12,C,Consultant,Stockholm,C,M,CAT12,,,
42863849-c152-4ba3-a5e8-29d296af9367_000147,5dfdd6d7-b41d-486d-a929-11223ed22368,promotion,2025-7,33,14,C,Consultant,Stockholm,C,M,CAT12,,,
42863849-c152-4ba3-a5e8-29d296af9367_000148,251ad856-0dff-4cd9-bbe3-72fac7d711a6,promotion,2025-7,28,12,C,Consultant,Stockholm,C,M,CAT12,,,
42863849-c152-4ba3-a5e8-29d296af9367_000149,f9eeeaeb-184a-4aa8-83b6-82b70c6dd690,promotion,2025-7,30,15,C,Consultant,Stockholm,C,M,CAT12,,,
42863849-c152-4ba3-a5e8-29d296af9367_000150,8bbc0959-aede-4521-943a-cadffd1676ad,promotion,2025-7,33,18,C,Consultant,Stockholm,C,M,CAT18,,,
42863849-c152-4ba3-a5e8-29d296af9367_000151,8e3ed1a7-c7ac-4fdd-81ac-593499fe3c5a,promotion,2025-7,39,13,C,Consultant,Stockholm,C,M,CAT12,,,
42863849-c152-4ba3-a5e8-29d296af9367_000152,1621bed5-ce77-44e3-b78c-18d2b41203b7,promotion,2025-7,37,16,C,Consultant,Stockholm,C,M,CAT12,,,
42863849-c152-4ba3-a5e8-29d296af9367_000153,3cb7a8b6-300e-45ba-9d69-c2e4250b38f2,promotion,2025-7,34,17,C,Consultant,Stockholm,C,M,CAT12,,,
42863849-c152-4ba3-a5e8-29d296af9367_000154,26ae5e50-a0d7-4c23-a813-ff8ff7ad27c8,promotion,2025-7,37,14,C,Consultant,Stockholm,C,M,CAT12,,,
42863849-c152-4ba3-a5e8-29d296af9367_000155,06bc370b-5c9b-44f8-861e-5e47c0da302a,promotion,2025-7,38,21,C,Consultant,Stockholm,C,M,CAT18,,,
42863849-c152-4ba3-a5e8-29d296af9367_000156,48161ad3-2989-488e-98b7-4db0c5eb06c7,promotion,2025-7,39,14,C,Consultant,Stockholm,C,M,CAT12,,,
42863849-c152-4ba3-a5e8-29d296af9367_000157,3d2b24f1-5a57-4a18-898f-8c88589e323c,promotion,2025-7,35,20,C,Consultant,Stockholm,C,M,CAT18,,,
42863849-c152-4ba3-a5e8-29d296af9367_000158,0468d17e-b1e2-4ec9-b142-b51ef308731c,promotion,2025-7,36,12,C,Consultant,Stockholm,C,M,CAT12,,,
42863849-c152-4ba3-a5e8-29d296af9367_000159,b162b889-3a4d-4215-b793-a514249b173e,promotion,2025-7,32,14,C,Consultant,Stockholm,C,M,CAT12,,,
42863849-c152-4ba3-a5e8-29d296af9367_000160,4889d43b-95eb-4e27-aac4-30dadea9655f,promotion,2025-7,28,13,C,Consultant,Stockholm,C,M,CAT12,,,
42863849-c152-4ba3-a5e8-29d296af9367_000161,7e1e5bfe-46d9-465c-9aa3-d83fbca5b1bb,promotion,2025-7,28,13,C,Consultant,Stockholm,C,M,CAT12,,,
42863849-c152-4ba3-a5e8-29d296af9367_000162,73431a65-420b-4a38-a83e-5bf2be20cc23,promotion,2025-7,33,13,C,Consultant,Stockholm,C,M,CAT12,,,
42863849-c152-4ba3-a5e8-29d296af9367_000163,d33efd12-4fc2-4a27-bf1f-d88f8fd98ad7,promotion,2025-7,32,17,C,Consultant,Stockholm,C,M,CAT12,,,
42863849-c152-4ba3-a5e8-29d296af9367_000164,4a096f96-0e68-47b3-a91b-9be53ed61aea,promotion,2025-7,52,19,SrC,Consultant,Stockholm,SrC,SrM,CAT18,,,
42863849-c152-4ba3-a5e8-29d296af9367_000165,ea06c99e-ad63-4a5a-b714-a8036b00a298,promotion,2025-7,53,20,SrC,Consultant,Stockholm,SrC,SrM,CAT18,,,
42863849-c152-4ba3-a5e8-29d296af9367_000166,5c3d491c-0831-442a-b74c-b0928cd2a6e3,promotion,2025-7,55,22,SrC,Consultant,Stockholm,SrC,SrM,CAT18,,,
42863849-c152-4ba3-a5e8-29d296af9367_000167,1227ff17-70c3-4405-8418-7ae8fabaf648,promotion,2025-7,7,7,A,Recruitment,Stockholm,A,AC,CAT6,,,
42863849-c152-4ba3-a5e8-29d296af9367_000168,a9f7ac4b-1f20-4b5f-bb96-920ccef13fb1,promotion,2025-7,8,6,A,Recruitment,Stockholm,A,AC,CAT6,,,
42863849-c152-4ba3-a5e8-29d296af9367_000169,e2bd6743-d9e7-45b8-9d45-c477922c899b,promotion,2025-7,7,7,A,Recruitment,Stockholm,A,AC,CAT6,,,
42863849-c152-4ba3-a5e8-29d296af9367_000170,c7a072e2-5961-4550-9bd4-5812ef35ed76,promotion,2025-7,6,6,A,Recruitment,Stockholm,A,AC,CAT6,,,
42863849-c152-4ba3-a5e8-29d296af9367_000171,6e29719b-dedd-477a-86e4-273cbf13c105,promotion,2025-7,18,12,AC,Recruitment,Stockholm,AC,AM,CAT12,,,
42863849-c152-4ba3-a5e8-29d296af9367_000172,c9540769-feef-421f-971e-2720c13f47d3,promotion,2025-7,19,13,AC,Recruitment,Stockholm,AC,AM,CAT12,,,
42863849-c152-4ba3-a5e8-29d296af9367_000173,4e81c4f4-12ef-4bb8-a711-86dae444c82a,promotion,2025-7,10,10,A,Sales,Stockholm,A,AC,CAT6,,,
42863849-c152-4ba3-a5e8-29d296af9367_000174,3f00da73-2d47-4130-8186-d10a8bb45170,promotion,2025-7,9,6,A,Sales,Stockholm,A,AC,CAT6,,,
42863849-c152-4ba3-a5e8-29d296af9367_000175,3fb06c95-12e3-4990-8327-a0a81f153703,promotion,2025-7,6,6,A,Sales,Stockholm,A,AC,CAT6,,,
42863849-c152-4ba3-a5e8-29d296af9367_000176,00eb1c4c-9d34-482b-ab78-4a2e4bf1e511,promotion,2025-7,19,12,AC,Sales,Stockholm,AC,AM,CAT12,,,
42863849-c152-4ba3-a5e8-29d296af9367_000177,5135c3fb-b051-4d88-b508-21d7bfd25184,churn,2025-7,60,60,PiP,Sales,Stockholm,,,,,0.018,
42863849-c152-4ba3-a5e8-29d296af9367_000178,af7108da-1b52-491a-a972-8a3892e6d9b7,promotion,2025-7,11,6,A,Consultant,Munich,A,AC,CAT6,,,
42863849-c152-4ba3-a5e8-29d296af9367_000179,384fa7b3-8c03-45b1-8976-1f1cd91f23d5,promotion,2025-7,6,6,A,Consultant,Munich,A,AC,CAT6,,,
42863849-c152-4ba3-a5e8-29d296af9367_000180,aef424ea-f469-4253-918e-cb4c1631495f,promotion,2025-7,8,7,A,Consultant,Munich,A,AC,CAT6,,,
42863849-c152-4ba3-a5e8-29d296af9367_000181,938db29a-7140-48fa-b079-852f6dc12b47,promotion,2025-7,7,7,A,Consultant,Munich,A,AC,CAT6,,,
42863849-c152-4ba3-a5e8-29d296af9367_000182,4799122a-0187-4e86-b956-4f21c4b13e94,promotion,2025-7,11,6,A,Consultant,Munich,A,AC,CAT6,,,
42863849-c152-4ba3-a5e8-29d296af9367_000183,3ef9ebb2-0d90-4d0a-8114-a1b6c013107b,promotion,2025-7,11,11,A,Consultant,Munich,A,AC,CAT6,,,
42863849-c152-4ba3-a5e8-29d296af9367_000184,a3fedc51-2123-4dea-a8b4-2ed1bd233ced,promotion,2025-7,10,6,A,Consultant,Munich,A,AC,CAT6,,,
42863849-c152-4ba3-a5e8-29d296af9367_000185,6635cfcf-da05-4369-b859-20663659b0de,promotion,2025-7,6,6,A,Consultant,Munich,A,AC,CAT6,,,
42863849-c152-4ba3-a5e8-29d296af9367_000186,d45ae0d2-3517-4934-a870-afffee75038b,promotion,2025-7,6,6,A,Consultant,Munich,A,AC,CAT6,,,
42863849-c152-4ba3-a5e8-29d296af9367_000187,e374122c-5489-432b-b891-83325594141e,promotion,2025-7,7,7,A,Consultant,Munich,A,AC,CAT6,,,
42863849-c152-4ba3-a5e8-29d296af9367_000188,c750e28a-ade4-4f83-8e14-896ced13074b,promotion,2025-7,10,6,A,Consultant,Munich,A,AC,CAT6,,,
42863849-c152-4ba3-a5e8-29d296af9367_000189,5b43c16b-c2fa-4f27-aa74-f4aac0161d84,promotion,2025-7,10,7,A,Consultant,Munich,A,AC,CAT6,,,
42863849-c152-4ba3-a5e8-29d296af9367_000190,bd42ba75-c9dd-4fa1-90b3-76757cd35f58,promotion,2025-7,9,7,A,Consultant,Munich,A,AC,CAT6,,,
42863849-c152-4ba3-a5e8-29d296af9367_000191,71604a0a-fb48-4d6f-acd3-67767e8463da,promotion,2025-7,8,8,A,Consultant,Munich,A,AC,CAT6,,,
42863849-c152-4ba3-a5e8-29d296af9367_000192,013352bd-8d51-4e05-a399-b3a678ebc94e,promotion,2025-7,19,12,AC,Consultant,Munich,AC,C,CAT12,,,
42863849-c152-4ba3-a5e8-29d296af9367_000193,937a86d3-0075-4dbe-8605-9fb07135a46e,promotion,2025-7,39,16,C,Consultant,Munich,C,SrC,CAT12,,,
42863849-c152-4ba3-a5e8-29d296af9367_000194,b21483d9-5718-43d1-ba3e-b967840feffe,promotion,2025-7,33,18,C,Consultant,Munich,C,SrC,CAT18,,,
42863849-c152-4ba3-a5e8-29d296af9367_000195,dc30c634-80b9-4c35-a4d1-4fd44bc23e75,promotion,2025-7,38,23,C,Consultant,Munich,C,SrC,CAT18,,,
42863849-c152-4ba3-a5e8-29d296af9367_000196,b90ade8a-9310-4d0a-b9ef-be87058e191b,promotion,2025-7,29,14,C,Consultant,Munich,C,SrC,CAT12,,,
42863849-c152-4ba3-a5e8-29d296af9367_000197,376f43de-5b86-446a-8807-7806dff68246,promotion,2025-7,29,14,C,Consultant,Munich,C,SrC,CAT12,,,
42863849-c152-4ba3-a5e8-29d296af9367_000198,8d687157-63f1-401e-9ec8-3cebd3f40a25,promotion,2025-7,32,15,C,Consultant,Munich,C,SrC,CAT12,,,
42863849-c152-4ba3-a5e8-29d296af9367_000199,c633e1d6-cc44-48f0-a8ae-5268ba3bba49,promotion,2025-7,28,13,C,Consultant,Munich,C,SrC,CAT12,,,
42863849-c152-4ba3-a5e8-29d296af9367_000200,60d5a386-673c-4fa2-b07e-c84d6a08d4c5,promotion,2025-7,29,14,C,Consultant,Munich,C,SrC,CAT12,,,
42863849-c152-4ba3-a5e8-29d296af9367_000201,1acfba80-b899-472a-ae89-471c23b2df9f,promotion,2025-7,38,12,C,Consultant,Munich,C,SrC,CAT12,,,
42863849-c152-4ba3-a5e8-29d296af9367_000202,303e3a7a-baec-4c68-8242-6d9bd29ef856,promotion,2025-7,28,13,C,Consultant,Munich,C,SrC,CAT12,,,
42863849-c152-4ba3-a5e8-29d296af9367_000203,657e39d0-5c8c-4ee8-8ab6-3c278a418a4c,promotion,2025-7,28,13,C,Consultant,Munich,C,SrC,CAT12,,,
42863849-c152-4ba3-a5e8-29d296af9367_000204,f5776885-a912-48aa-bf58-90b1e2613b0d,promotion,2025-7,36,12,C,Consultant,Munich,C,SrC,CAT12,,,
42863849-c152-4ba3-a5e8-29d296af9367_000205,be0aface-d0a1-4218-bc67-1d8a446c300c,promotion,2025-7,36,13,C,Consultant,Munich,C,SrC,CAT12,,,
42863849-c152-4ba3-a5e8-29d296af9367_000206,d694a9c3-f4c1-4d97-81ad-0b06e0d61711,promotion,2025-7,54,19,SrC,Consultant,Munich,SrC,AM,CAT18,,,
42863849-c152-4ba3-a5e8-29d296af9367_000207,04feed8f-d3ab-4e43-89b0-3215a3d9ac75,promotion,2025-7,57,23,SrC,Consultant,Munich,SrC,AM,CAT18,,,
42863849-c152-4ba3-a5e8-29d296af9367_000208,03fb098e-d6dc-4163-9dd4-9dbd9b031e70,promotion,2025-7,57,21,SrC,Consultant,Munich,SrC,AM,CAT18,,,
42863849-c152-4ba3-a5e8-29d296af9367_000209,a066663e-b0cb-4d57-8296-752dd9de714b,promotion,2025-7,57,24,SrC,Consultant,Munich,SrC,AM,CAT24,,,
42863849-c152-4ba3-a5e8-29d296af9367_000210,a2896490-a9f4-4580-b532-24b796dc61fb,promotion,2025-7,88,31,AM,Consultant,Munich,AM,M,CAT30,,,
42863849-c152-4ba3-a5e8-29d296af9367_000211,e04b86ea-ee03-4ada-bcaa-04e0f5c29072,promotion,2025-7,85,34,AM,Consultant,Munich,AM,M,CAT30,,,
42863849-c152-4ba3-a5e8-29d296af9367_000212,be2f8cd8-4630-4433-b9cd-0ba45e6b75cb,promotion,2025-7,84,34,AM,Consultant,Munich,AM,M,CAT30,,,
42863849-c152-4ba3-a5e8-29d296af9367_000213,190eef32-a7b7-471d-8f86-07508be2561b,promotion,2025-7,88,38,AM,Consultant,Munich,AM,M,CAT36,,,
42863849-c152-4ba3-a5e8-29d296af9367_000214,0aa33c70-a0bd-4f03-964b-740431ce53c9,promotion,2025-7,89,35,AM,Consultant,Munich,AM,M,CAT30,,,
42863849-c152-4ba3-a5e8-29d296af9367_000215,3ec037c7-1da5-4be4-b686-a9ba29bb4965,promotion,2025-7,85,35,AM,Consultant,Munich,AM,M,CAT30,,,
42863849-c152-4ba3-a5e8-29d296af9367_000216,237e1ac0-4f78-4f9c-8494-2b4c1cb7e70b,promotion,2025-7,11,6,A,Recruitment,Munich,A,AC,CAT6,,,
42863849-c152-4ba3-a5e8-29d296af9367_000217,27303ea5-4eba-4156-b35b-5fa69f4b646b,promotion,2025-7,12,6,A,Recruitment,Munich,A,AC,CAT6,,,
42863849-c152-4ba3-a5e8-29d296af9367_000218,6080a806-8aba-468e-8f3d-b35ae624faab,promotion,2025-7,11,6,A,Consultant,Hamburg,A,AC,CAT6,,,
42863849-c152-4ba3-a5e8-29d296af9367_000219,65e0d363-b4d1-405b-bb88-d4922840f128,promotion,2025-7,6,6,A,Consultant,Hamburg,A,AC,CAT6,,,
42863849-c152-4ba3-a5e8-29d296af9367_000220,4c07c8ff-f433-402f-8042-bfcdfbc49343,promotion,2025-7,8,7,A,Consultant,Hamburg,A,AC,CAT6,,,
42863849-c152-4ba3-a5e8-29d296af9367_000221,874b01d4-31d7-4cbc-9727-55862c14e47a,promotion,2025-7,7,7,A,Consultant,Hamburg,A,AC,CAT6,,,
42863849-c152-4ba3-a5e8-29d296af9367_000222,c3101e8a-3c2a-48c2-9f3d-aa8bb72b575a,promotion,2025-7,11,6,A,Consultant,Hamburg,A,AC,CAT6,,,
42863849-c152-4ba3-a5e8-29d296af9367_000223,98975ccb-a32d-4e31-b4d0-af10c0101db9,promotion,2025-7,10,6,A,Consultant,Hamburg,A,AC,CAT6,,,
42863849-c152-4ba3-a5e8-29d296af9367_000224,94d83901-3e6d-47fd-b0d9-0faa8b5eb673,promotion,2025-7,6,6,A,Consultant,Hamburg,A,AC,CAT6,,,
42863849-c152-4ba3-a5e8-29d296af9367_000225,03d07582-0567-421a-8dcc-89c42276751b,promotion,2025-7,20,12,AC,Consultant,Hamburg,AC,C,CAT12,,,
42863849-c152-4ba3-a5e8-29d296af9367_000226,1f0ec874-1f10-4ad0-a07a-628fac1ac61d,promotion,2025-7,21,10,AC,Consultant,Hamburg,AC,C,CAT6,,,
42863849-c152-4ba3-a5e8-29d296af9367_000227,d82a0b42-b297-42ea-8af0-55229d55eca6,promotion,2025-7,21,10,AC,Consultant,Hamburg,AC,C,CAT6,,,
42863849-c152-4ba3-a5e8-29d296af9367_000228,2bcd3ae2-6baf-4304-b1d0-0d8331af1b63,promotion,2025-7,32,17,C,Consultant,Hamburg,C,SrC,CAT12,,,
42863849-c152-4ba3-a5e8-29d296af9367_000229,e820bdea-ac44-414a-a658-27982ffa61c3,promotion,2025-7,27,12,C,Consultant,Hamburg,C,SrC,CAT12,,,
42863849-c152-4ba3-a5e8-29d296af9367_000230,ed80abc2-365e-43f8-b557-58d93ccc5f34,promotion,2025-7,38,13,C,Consultant,Hamburg,C,SrC,CAT12,,,
42863849-c152-4ba3-a5e8-29d296af9367_000231,a22f3a25-2083-48ca-b212-2c93c5efed44,promotion,2025-7,27,12,C,Consultant,Hamburg,C,SrC,CAT12,,,
42863849-c152-4ba3-a5e8-29d296af9367_000232,856ebafc-698c-41f0-a58f-cb1e406f82b8,promotion,2025-7,38,14,C,Consultant,Hamburg,C,SrC,CAT12,,,
42863849-c152-4ba3-a5e8-29d296af9367_000233,9f69be67-1faf-4a05-804c-835867731c52,promotion,2025-7,32,13,C,Consultant,Hamburg,C,SrC,CAT12,,,
42863849-c152-4ba3-a5e8-29d296af9367_000234,2eec8df0-9790-4f26-85be-a7e8f71f52b4,promotion,2025-7,54,21,SrC,Consultant,Hamburg,SrC,AM,CAT18,,,
42863849-c152-4ba3-a5e8-29d296af9367_000235,37a189a2-5c94-4caa-941e-2e3949b46fda,promotion,2025-7,82,32,AM,Consultant,Hamburg,AM,M,CAT30,,,
42863849-c152-4ba3-a5e8-29d296af9367_000236,87a5006d-3887-4cda-bf2a-92394ff3a717,promotion,2025-7,6,6,A,Consultant,Helsinki,A,AC,CAT6,,,
42863849-c152-4ba3-a5e8-29d296af9367_000237,2258852c-6055-4db1-9f41-7dff741e162b,promotion,2025-7,8,7,A,Consultant,Helsinki,A,AC,CAT6,,,
42863849-c152-4ba3-a5e8-29d296af9367_000238,a577c80e-df83-4804-9f67-519039f4e2b4,promotion,2025-7,7,7,A,Consultant,Helsinki,A,AC,CAT6,,,
42863849-c152-4ba3-a5e8-29d296af9367_000239,ba467c3b-2c50-4ca4-9c55-858a2ae50645,promotion,2025-7,11,6,A,Consultant,Helsinki,A,AC,CAT6,,,
42863849-c152-4ba3-a5e8-29d296af9367_000240,36c191e1-c35b-4425-942e-8e656b53eac1,promotion,2025-7,10,6,A,Consultant,Helsinki,A,AC,CAT6,,,
42863849-c152-4ba3-a5e8-29d296af9367_000241,3c9f0129-04ea-468c-b047-283f6d02d6b7,promotion,2025-7,6,6,A,Consultant,Helsinki,A,AC,CAT6,,,
42863849-c152-4ba3-a5e8-29d296af9367_000242,c11932e3-3bc5-417e-a420-0f073a81ec47,promotion,2025-7,6,6,A,Consultant,Helsinki,A,AC,CAT6,,,
42863849-c152-4ba3-a5e8-29d296af9367_000243,d5f21109-e73d-445f-a85e-665c7f7e63df,promotion,2025-7,7,7,A,Consultant,Helsinki,A,AC,CAT6,,,
42863849-c152-4ba3-a5e8-29d296af9367_000244,be9145d2-4650-4423-8bdf-31f0fda24cc2,promotion,2025-7,10,6,A,Consultant,Helsinki,A,AC,CAT6,,,
42863849-c152-4ba3-a5e8-29d296af9367_000245,86d04157-0ad0-4b58-8b68-5d7ee1966e0d,promotion,2025-7,10,7,A,Consultant,Helsinki,A,AC,CAT6,,,
42863849-c152-4ba3-a5e8-29d296af9367_000246,e561f3a0-e886-4601-acdf-3fa8e4f0b7c7,promotion,2025-7,11,11,A,Consultant,Helsinki,A,AC,CAT6,,,
42863849-c152-4ba3-a5e8-29d296af9367_000247,32117a87-7c3d-4391-97c3-218cf4d23ca6,promotion,2025-7,9,7,A,Consultant,Helsinki,A,AC,CAT6,,,
42863849-c152-4ba3-a5e8-29d296af9367_000248,3eb633ba-969c-47dd-ae18-2a6691e1a786,promotion,2025-7,19,13,AC,Consultant,Helsinki,AC,C,CAT12,,,
42863849-c152-4ba3-a5e8-29d296af9367_000249,addadea4-252a-484e-9e69-6f42ca0f00ab,promotion,2025-7,19,13,AC,Consultant,Helsinki,AC,C,CAT12,,,
42863849-c152-4ba3-a5e8-29d296af9367_000250,373e1a76-b431-4759-a502-afcfb9410a9a,promotion,2025-7,35,17,C,Consultant,Helsinki,C,SrC,CAT12,,,
42863849-c152-4ba3-a5e8-29d296af9367_000251,dc24421a-9a2b-4ea8-8c16-da1173bf6979,promotion,2025-7,35,18,C,Consultant,Helsinki,C,SrC,CAT18,,,
42863849-c152-4ba3-a5e8-29d296af9367_000252,0b973fbb-bd29-4dd3-bd79-928242e74d4f,promotion,2025-7,51,18,SrC,Consultant,Helsinki,SrC,AM,CAT18,,,
42863849-c152-4ba3-a5e8-29d296af9367_000253,7f5134e3-273c-4013-9f37-40474647508a,promotion,2025-7,55,21,SrC,Consultant,Helsinki,SrC,AM,CAT18,,,
42863849-c152-4ba3-a5e8-29d296af9367_000254,9a593556-ab49-4cd0-bf7b-6837cdbf5bfa,promotion,2025-7,8,6,A,Sales,Helsinki,A,AC,CAT6,,,
42863849-c152-4ba3-a5e8-29d296af9367_000255,8ecc5e87-9b0b-4d51-9b1f-e59782777b37,promotion,2025-7,34,12,C,Recruitment,Helsinki,C,M,CAT12,,,
42863849-c152-4ba3-a5e8-29d296af9367_000256,80341292-19c4-4080-a241-230fdc40e3d9,promotion,2025-7,11,6,A,Consultant,Oslo,A,AC,CAT6,,,
42863849-c152-4ba3-a5e8-29d296af9367_000257,166d72c7-78ec-4010-8e82-19a9f81b2cb1,promotion,2025-7,6,6,A,Consultant,Oslo,A,AC,CAT6,,,
42863849-c152-4ba3-a5e8-29d296af9367_000258,2b033c18-22fa-4f6d-8f93-f681a3646945,promotion,2025-7,8,7,A,Consultant,Oslo,A,AC,CAT6,,,
42863849-c152-4ba3-a5e8-29d296af9367_000259,1061d739-cb81-49a2-b0ef-14928e28e238,promotion,2025-7,7,7,A,Consultant,Oslo,A,AC,CAT6,,,
42863849-c152-4ba3-a5e8-29d296af9367_000260,3f392626-574e-4007-998b-979c708986e6,promotion,2025-7,11,6,A,Consultant,Oslo,A,AC,CAT6,,,
42863849-c152-4ba3-a5e8-29d296af9367_000261,0819992c-b15d-4245-b452-e4ff252b6ea2,promotion,2025-7,21,12,AC,Consultant,Oslo,AC,C,CAT12,,,
42863849-c152-4ba3-a5e8-29d296af9367_000262,55e6fc3d-e2cb-4527-b6c4-44b16bd36ee6,promotion,2025-7,20,12,AC,Consultant,Oslo,AC,C,CAT12,,,
42863849-c152-4ba3-a5e8-29d296af9367_000263,fa87fb93-2d4f-4c4a-a0c8-707f3b9d85f7,promotion,2025-7,34,16,C,Consultant,Oslo,C,SrC,CAT12,,,
42863849-c152-4ba3-a5e8-29d296af9367_000264,d7385d0d-a5cc-43ab-970a-51573027b906,promotion,2025-7,27,12,C,Consultant,Oslo,C,SrC,CAT12,,,
42863849-c152-4ba3-a5e8-29d296af9367_000265,0cef6dc5-df06-4e27-9d57-d4f9a8a2eca0,promotion,2025-7,32,17,C,Consultant,Oslo,C,SrC,CAT12,,,
42863849-c152-4ba3-a5e8-29d296af9367_000266,ce01a1d4-66f0-46e4-89ba-36f2c91f2f16,promotion,2025-7,30,15,C,Consultant,Oslo,C,SrC,CAT12,,,
42863849-c152-4ba3-a5e8-29d296af9367_000267,a262a198-7513-4514-bd01-60bd928e020f,promotion,2025-7,28,13,C,Consultant,Oslo,C,SrC,CAT12,,,
42863849-c152-4ba3-a5e8-29d296af9367_000268,2d54b0fb-a499-4414-948c-d1dc729e1a6c,promotion,2025-7,32,17,C,Consultant,Oslo,C,SrC,CAT12,,,
42863849-c152-4ba3-a5e8-29d296af9367_000269,f1086740-afce-478e-9c34-57bb926a247b,promotion,2025-7,57,18,SrC,Consultant,Oslo,SrC,AM,CAT18,,,
42863849-c152-4ba3-a5e8-29d296af9367_000270,e00e72c0-7a2f-47cc-97d4-cea474eba1f4,promotion,2025-7,20,14,AC,Sales,Oslo,AC,C,CAT12,,,
42863849-c152-4ba3-a5e8-29d296af9367_000271,f864c177-f36e-49ee-9854-c64b16020ce0,promotion,2025-7,18,9,AC,Sales,Oslo,AC,C,CAT6,,,
42863849-c152-4ba3-a5e8-29d296af9367_000272,2bd9de5a-ae43-436e-8748-8e51b99a96b2,promotion,2025-7,32,17,C,Sales,Oslo,C,SrC,CAT12,,,
42863849-c152-4ba3-a5e8-29d296af9367_000273,8bb45e7b-8eff-4bd6-94cb-30296b75f2dd,promotion,2025-7,6,6,A,Consultant,Berlin,A,AC,CAT6,,,
42863849-c152-4ba3-a5e8-29d296af9367_000274,a7132ec4-05dd-471b-9081-b56a3824b99e,promotion,2025-7,8,7,A,Consultant,Berlin,A,AC,CAT6,,,
42863849-c152-4ba3-a5e8-29d296af9367_000275,fca2aca2-cd6c-45f8-ade9-01f8d49de80f,promotion,2025-7,7,7,A,Consultant,Berlin,A,AC,CAT6,,,
42863849-c152-4ba3-a5e8-29d296af9367_000276,9b306684-6237-493c-83dd-48b5817558d0,promotion,2025-7,20,14,AC,Consultant,Berlin,AC,C,CAT12,,,
42863849-c152-4ba3-a5e8-29d296af9367_000277,bf071a2e-18b4-464d-a85a-87a2f5010c6a,promotion,2025-7,15,9,AC,Consultant,Berlin,AC,C,CAT6,,,
42863849-c152-4ba3-a5e8-29d296af9367_000278,b842c20b-7ec1-41c2-896f-29d086dc945b,promotion,2025-7,19,13,AC,Consultant,Berlin,AC,C,CAT12,,,
42863849-c152-4ba3-a5e8-29d296af9367_000279,aff0171c-e2fd-423e-a6a2-60cd35b8ddc6,promotion,2025-7,32,17,C,Consultant,Berlin,C,SrC,CAT12,,,
42863849-c152-4ba3-a5e8-29d296af9367_000280,66b4c830-eafa-4157-ae15-0f753bbcf06d,promotion,2025-7,33,14,C,Consultant,Berlin,C,SrC,CAT12,,,
42863849-c152-4ba3-a5e8-29d296af9367_000281,8453c660-0df4-4ba6-9372-4a780180f5be,promotion,2025-7,35,17,C,Consultant,Berlin,C,SrC,CAT12,,,
42863849-c152-4ba3-a5e8-29d296af9367_000282,b528e514-6d17-4d73-a116-8c7bc75d07b9,promotion,2025-7,35,18,C,Consultant,Berlin,C,SrC,CAT18,,,
42863849-c152-4ba3-a5e8-29d296af9367_000283,00e2b227-d130-4628-b642-bc6ff07f87f5,promotion,2025-7,28,13,C,Consultant,Berlin,C,SrC,CAT12,,,
42863849-c152-4ba3-a5e8-29d296af9367_000284,260800e5-3348-4a80-846b-6d236b7177be,promotion,2025-7,52,19,SrC,Consultant,Berlin,SrC,AM,CAT18,,,
42863849-c152-4ba3-a5e8-29d296af9367_000285,830d9d30-2cb0-42c4-8fab-da4a2a3e4181,promotion,2025-7,51,18,SrC,Consultant,Berlin,SrC,AM,CAT18,,,
42863849-c152-4ba3-a5e8-29d296af9367_000286,69b1e90e-d206-4e5a-8006-729cc3048236,promotion,2025-7,11,6,A,Consultant,Copenhagen,A,AC,CAT6,,,
42863849-c152-4ba3-a5e8-29d296af9367_000287,33ca7b98-b174-40ca-9b78-0c4ee14ae991,promotion,2025-7,6,6,A,Consultant,Copenhagen,A,AC,CAT6,,,
42863849-c152-4ba3-a5e8-29d296af9367_000288,1aac7817-2259-45ff-a7dc-044a650bb1f3,promotion,2025-7,8,7,A,Consultant,Copenhagen,A,AC,CAT6,,,
42863849-c152-4ba3-a5e8-29d296af9367_000289,2e1d0aa3-e255-47fd-ae17-dd2dfe17ce55,promotion,2025-7,7,7,A,Consultant,Copenhagen,A,AC,CAT6,,,
42863849-c152-4ba3-a5e8-29d296af9367_000290,d5ca2680-6fde-4409-946e-25ba07caa31f,promotion,2025-7,11,6,A,Consultant,Copenhagen,A,AC,CAT6,,,
42863849-c152-4ba3-a5e8-29d296af9367_000291,95da9ea2-f8ed-472f-ae84-5ff626b89fd3,promotion,2025-7,10,6,A,Consultant,Copenhagen,A,AC,CAT6,,,
42863849-c152-4ba3-a5e8-29d296af9367_000292,0a4b9df0-0706-401c-b29f-9196da80692b,promotion,2025-7,21,12,AC,Consultant,Copenhagen,AC,C,CAT12,,,
42863849-c152-4ba3-a5e8-29d296af9367_000293,e24dde76-a692-41d2-a88b-8b27896a774e,promotion,2025-7,20,12,AC,Consultant,Copenhagen,AC,C,CAT12,,,
42863849-c152-4ba3-a5e8-29d296af9367_000294,0beecac9-abba-48fe-8b24-b0f1119925f8,promotion,2025-7,32,17,C,Consultant,Copenhagen,C,SrC,CAT12,,,
42863849-c152-4ba3-a5e8-29d296af9367_000295,1afb18da-9c63-4165-af4e-cebe7e1005ee,promotion,2025-7,28,13,C,Consultant,Copenhagen,C,SrC,CAT12,,,
42863849-c152-4ba3-a5e8-29d296af9367_000296,a5871c1e-2408-4718-a853-2c5571a3bc5c,promotion,2025-7,29,14,C,Consultant,Copenhagen,C,SrC,CAT12,,,
42863849-c152-4ba3-a5e8-29d296af9367_000297,db505ea0-2e75-47e9-8f45-6d885b0c9a01,promotion,2025-7,32,17,C,Consultant,Copenhagen,C,SrC,CAT12,,,
42863849-c152-4ba3-a5e8-29d296af9367_000298,3ec7fc91-eea8-43e8-aaf2-c97ad6d72c35,promotion,2025-7,27,12,C,Consultant,Copenhagen,C,SrC,CAT12,,,
42863849-c152-4ba3-a5e8-29d296af9367_000299,583d47a1-f271-489b-9954-d8b8f37de5e9,promotion,2025-7,38,13,C,Consultant,Copenhagen,C,SrC,CAT12,,,
42863849-c152-4ba3-a5e8-29d296af9367_000300,136fb4e9-c83b-4649-a1fb-acce35f8917b,promotion,2025-7,54,18,SrC,Consultant,Copenhagen,SrC,AM,CAT18,,,
42863849-c152-4ba3-a5e8-29d296af9367_000301,987e7098-cf7a-44be-9853-9f845b16a077,promotion,2025-7,11,6,A,Consultant,Zurich,A,AC,CAT6,,,
42863849-c152-4ba3-a5e8-29d296af9367_000302,bb7a158c-4c5d-4d72-896e-b35674186d93,promotion,2025-7,6,6,A,Consultant,Zurich,A,AC,CAT6,,,
42863849-c152-4ba3-a5e8-29d296af9367_000303,c9a3a7ba-e41b-4454-93a0-9d9b6240385e,promotion,2025-7,8,7,A,Consultant,Zurich,A,AC,CAT6,,,
42863849-c152-4ba3-a5e8-29d296af9367_000304,d60ef17d-1f57-4a66-855b-0c04f05b464e,promotion,2025-7,7,7,A,Consultant,Zurich,A,AC,CAT6,,,
42863849-c152-4ba3-a5e8-29d296af9367_000305,03cd8a05-9fff-4c2f-884d-125a7adf8ea1,promotion,2025-7,27,12,C,Consultant,Zurich,C,SrC,CAT12,,,
42863849-c152-4ba3-a5e8-29d296af9367_000306,26f8a16b-84d4-4bf2-a27f-d08e3097c557,promotion,2025-7,56,19,SrC,Consultant,Zurich,SrC,AM,CAT18,,,
42863849-c152-4ba3-a5e8-29d296af9367_000307,43bec10a-5c1f-4910-b658-94561397bc4f,promotion,2025-7,27,12,C,Sales,Zurich,C,AM,CAT12,,,
42863849-c152-4ba3-a5e8-29d296af9367_000308,4f707cd4-4053-44f3-abe1-036843352f7c,promotion,2025-7,11,6,A,Consultant,Frankfurt,A,AC,CAT6,,,
42863849-c152-4ba3-a5e8-29d296af9367_000309,fee5f317-7e76-40b8-9da0-8a69bfad9449,promotion,2025-7,53,20,SrC,Consultant,Frankfurt,SrC,AM,CAT18,,,
42863849-c152-4ba3-a5e8-29d296af9367_000310,ef28b3e9-aa5c-4b4a-bb3b-a04d11578e9c,promotion,2025-7,100,33,AM,Consultant,Frankfurt,AM,M,CAT30,,,
42863849-c152-4ba3-a5e8-29d296af9367_000311,0bf70e7d-2de3-4d72-b119-b06bac46c574,promotion,2025-7,6,6,A,Sales,Frankfurt,A,AC,CAT6,,,
42863849-c152-4ba3-a5e8-29d296af9367_000312,84a645ba-37b1-48ab-92ca-362434f00a5a,promotion,2025-7,9,6,A,Sales,Frankfurt,A,AC,CAT6,,,
42863849-c152-4ba3-a5e8-29d296af9367_000313,39997f37-a789-4759-a79b-e809fb3da6ff,promotion,2025-7,10,6,A,Recruitment,Frankfurt,A,C,CAT6,,,
42863849-c152-4ba3-a5e8-29d296af9367_000314,3e48e4f6-a37e-4967-b8d9-b1e3201e4f9a,promotion,2025-7,11,6,A,Consultant,Amsterdam,A,AC,CAT6,,,
42863849-c152-4ba3-a5e8-29d296af9367_000315,fca8cc30-2afa-4723-adbd-127e6b603499,promotion,2025-7,6,6,A,Consultant,Amsterdam,A,AC,CAT6,,,
42863849-c152-4ba3-a5e8-29d296af9367_000316,dd715c16-ad88-4e29-9a60-df2546f0cd28,promotion,2025-7,27,12,C,Consultant,Amsterdam,C,SrC,CAT12,,,
42863849-c152-4ba3-a5e8-29d296af9367_000317,7e924f93-8a73-4437-b928-baf94dfa295e,promotion,2025-7,8,8,A,Sales,Amsterdam,A,AC,CAT6,,,
42863849-c152-4ba3-a5e8-29d296af9367_000318,5a3c968b-ed79-4117-8926-8e0321d8e6f3,promotion,2025-7,12,8,A,Recruitment,Amsterdam,A,AC,CAT6,,,
42863849-c152-4ba3-a5e8-29d296af9367_000319,9b38b475-d6b7-4c18-8f27-1e5215cde506,promotion,2025-7,11,6,A,Consultant,Cologne,A,AC,CAT6,,,
42863849-c152-4ba3-a5e8-29d296af9367_000320,3334651e-bc6a-4fac-baef-8bf24bd8fd90,promotion,2025-7,6,6,A,Consultant,Cologne,A,AC,CAT6,,,
42863849-c152-4ba3-a5e8-29d296af9367_000321,cf673ac4-98d1-4575-89df-02960689ddd6,promotion,2025-7,8,7,A,Consultant,Cologne,A,AC,CAT6,,,
42863849-c152-4ba3-a5e8-29d296af9367_000322,5a9ccc51-5a4c-4056-be20-ad93232c04ee,promotion,2025-7,7,7,A,Consultant,Cologne,A,AC,CAT6,,,
42863849-c152-4ba3-a5e8-29d296af9367_000323,8c4a54a3-8096-4510-9952-655d8d03df95,promotion,2025-7,27,12,C,Consultant,Cologne,C,SrC,CAT12,,,
42863849-c152-4ba3-a5e8-29d296af9367_000324,f14d0139-472f-425b-8612-7e00b7d3faa7,promotion,2025-7,56,19,SrC,Consultant,Cologne,SrC,AM,CAT18,,,
42863849-c152-4ba3-a5e8-29d296af9367_000325,f69def2a-2cbe-45a9-9261-a332ebe3f605,promotion,2025-7,27,12,C,Sales,Cologne,C,A,CAT12,,,
42863849-c152-4ba3-a5e8-29d296af9367_000326,e696b352-0596-4119-85f2-845b1fcecf4f,promotion,2025-7,11,6,A,Consultant,Toronto,A,AC,CAT6,,,
42863849-c152-4ba3-a5e8-29d296af9367_000327,12213482-ec9e-4f33-940b-f4278d069092,promotion,2025-7,28,13,C,Consultant,Toronto,C,SrC,CAT12,,,
42863849-c152-4ba3-a5e8-29d296af9367_000328,2c2f73fb-ec05-472f-be54-23ff9a922407,recruitment,2025-9,0,0,A,Consultant,Stockholm,,,,,,0.0127
42863849-c152-4ba3-a5e8-29d296af9367_000329,c663b293-07bb-4e2d-8562-d5cc68433236,recruitment,2025-9,0,0,AC,Sales,Helsinki,,,,,,0.02
42863849-c152-4ba3-a5e8-29d296af9367_000330,66cd57fa-2fad-49b0-83f5-856d4165d132,promotion,2025-10,10,10,A,Consultant,Stockholm,A,AC,CAT6,,,
42863849-c152-4ba3-a5e8-29d296af9367_000331,901ee3dd-af5b-4ea8-8b01-b5f7bcaf5eee,promotion,2025-10,9,9,A,Consultant,Stockholm,A,AC,CAT6,,,
42863849-c152-4ba3-a5e8-29d296af9367_000332,85fa06de-1fe2-444a-b777-1e2962455ff0,promotion,2025-10,12,11,A,Consultant,Stockholm,A,AC,CAT6,,,
42863849-c152-4ba3-a5e8-29d296af9367_000333,9f62e4a7-c664-4979-b3c9-c3d57a7561ab,promotion,2025-10,11,10,A,Consultant,Stockholm,A,AC,CAT6,,,
42863849-c152-4ba3-a5e8-29d296af9367_000334,0dc080d7-1f27-41e9-837c-6acd6cf428ff,promotion,2025-10,11,11,A,Consultant,Stockholm,A,AC,CAT6,,,
42863849-c152-4ba3-a5e8-29d296af9367_000335,0463495c-42cb-41af-8b18-2d8f89c4544a,promotion,2025-10,9,9,A,Consultant,Stockholm,A,AC,CAT6,,,
42863849-c152-4ba3-a5e8-29d296af9367_000336,fd1c5c9c-33a7-4d9c-ace3-fa72c74f87c9,promotion,2025-10,8,8,A,Consultant,Stockholm,A,AC,CAT6,,,
42863849-c152-4ba3-a5e8-29d296af9367_000337,4bb19c71-d327-42d7-8a42-df42f313bcf8,promotion,2025-10,7,7,A,Consultant,Stockholm,A,AC,CAT6,,,
42863849-c152-4ba3-a5e8-29d296af9367_000338,94ad991d-5782-4ba4-a230-248d40ef83bc,promotion,2025-10,6,6,A,Consultant,Stockholm,A,AC,CAT6,,,
42863849-c152-4ba3-a5e8-29d296af9367_000339,f1ba149b-b323-41e5-96cf-0addcd43e6be,promotion,2025-10,19,13,AC,Consultant,Stockholm,AC,AM,CAT12,,,
42863849-c152-4ba3-a5e8-29d296af9367_000340,12e2d468-6e95-44a8-a2ee-8f77745c1a75,promotion,2025-10,21,14,AC,Consultant,Stockholm,AC,AM,CAT12,,,
42863849-c152-4ba3-a5e8-29d296af9367_000341,134ae27f-f9bf-47ef-b85d-878b75d0c0b3,promotion,2025-10,21,15,AC,Consultant,Stockholm,AC,AM,CAT12,,,
42863849-c152-4ba3-a5e8-29d296af9367_000342,76d4a799-52d1-49e0-be78-b56b5d20e713,promotion,2025-10,23,13,AC,Consultant,Stockholm,AC,AM,CAT12,,,
42863849-c152-4ba3-a5e8-29d296af9367_000343,a40ef94f-d3d2-47e6-9100-f134f2123a30,promotion,2025-10,19,13,AC,Consultant,Stockholm,AC,AM,CAT12,,,
42863849-c152-4ba3-a5e8-29d296af9367_000344,0ae27d04-593b-4039-bf27-87f3c308c4cb,promotion,2025-10,23,17,AC,Consultant,Stockholm,AC,AM,CAT12,,,
42863849-c152-4ba3-a5e8-29d296af9367_000345,a84f27cc-6321-40bd-bc24-e7bcdda8b2ac,promotion,2025-10,20,14,AC,Consultant,Stockholm,AC,AM,CAT12,,,
42863849-c152-4ba3-a5e8-29d296af9367_000346,15ec70aa-4fd2-43fd-9c87-bdf2bdd1d0b9,promotion,2025-10,18,12,AC,Consultant,Stockholm,AC,AM,CAT12,,,
42863849-c152-4ba3-a5e8-29d296af9367_000347,c801deae-b413-4e9a-8743-29c5cc0eafcf,promotion,2025-10,19,13,AC,Consultant,Stockholm,AC,AM,CAT12,,,
42863849-c152-4ba3-a5e8-29d296af9367_000348,2f19d6da-d26b-4eb6-ad5a-75ed6fe3b7be,promotion,2025-10,18,12,AC,Consultant,Stockholm,AC,AM,CAT12,,,
42863849-c152-4ba3-a5e8-29d296af9367_000349,4c92215d-936a-4481-a398-0f2c9e8718cb,promotion,2025-10,21,14,AC,Consultant,Stockholm,AC,AM,CAT12,,,
42863849-c152-4ba3-a5e8-29d296af9367_000350,2ea245d7-e2fe-4278-ab9f-6d0bfbf67907,promotion,2025-10,18,12,AC,Consultant,Stockholm,AC,AM,CAT12,,,
42863849-c152-4ba3-a5e8-29d296af9367_000351,4137310e-df0d-419f-acf5-11b2aa300cf6,promotion,2025-10,24,12,AC,Consultant,Stockholm,AC,AM,CAT12,,,
42863849-c152-4ba3-a5e8-29d296af9367_000352,8262b0c8-2d23-4b2c-89db-5ce29f902471,promotion,2025-10,22,12,AC,Sales,Stockholm,AC,AM,CAT12,,,
42863849-c152-4ba3-a5e8-29d296af9367_000353,7f6a20d8-a655-4a14-bd19-0ff540c1ca37,promotion,2025-10,21,14,AC,Sales,Stockholm,AC,AM,CAT12,,,
42863849-c152-4ba3-a5e8-29d296af9367_000354,24e12cdc-25a7-4435-bf02-2a6cb569604d,promotion,2025-10,21,10,AC,Sales,Stockholm,AC,AM,CAT6,,,
42863849-c152-4ba3-a5e8-29d296af9367_000355,4bb19c71-d327-42d7-8a42-df42f313bcf8,churn,2025-10,7,0,AC,Consultant,Stockholm,,,,,0.0014,
42863849-c152-4ba3-a5e8-29d296af9367_000356,49d0d814-384e-4dfa-9b19-750f4467880b,recruitment,2025-10,0,0,AC,Consultant,Stockholm,,,,,,0.0028
42863849-c152-4ba3-a5e8-29d296af9367_000357,e64509b4-946a-4893-8d23-74cc6b169508,recruitment,2025-10,0,0,AC,Sales,Stockholm,,,,,,0.02
42863849-c152-4ba3-a5e8-29d296af9367_000358,6a1ba927-4443-413d-93ca-207e1d729b7b,churn,2025-10,129,31,M,Sales,Stockholm,,,,,0.018,
42863849-c152-4ba3-a5e8-29d296af9367_000359,9686aa4a-6a13-4a56-b72e-ca8110b1bb61,promotion,2025-10,20,14,AC,Consultant,Munich,AC,C,CAT12,,,
42863849-c152-4ba3-a5e8-29d296af9367_000360,58a27ff9-c3f0-4f0e-9d66-f54d3cb7c155,promotion,2025-10,24,13,AC,Consultant,Munich,AC,C,CAT12,,,
42863849-c152-4ba3-a5e8-29d296af9367_000361,80aa1cc9-72cf-40b4-bd8d-db1d8f0e1ea3,promotion,2025-10,23,13,AC,Consultant,Munich,AC,C,CAT12,,,
42863849-c152-4ba3-a5e8-29d296af9367_000362,b6a8b2fb-2b0c-46da-a756-1ac01a92565b,promotion,2025-10,24,14,AC,Consultant,Munich,AC,C,CAT12,,,
42863849-c152-4ba3-a5e8-29d296af9367_000363,dc39e063-34d7-4808-9590-80af0027981a,promotion,2025-10,24,12,AC,Consultant,Munich,AC,C,CAT12,,,
42863849-c152-4ba3-a5e8-29d296af9367_000364,b674eef7-65f2-4097-a374-17470c1239fa,promotion,2025-10,18,12,AC,Consultant,Munich,AC,C,CAT12,,,
42863849-c152-4ba3-a5e8-29d296af9367_000365,ed422a36-49bc-4103-b532-120ca4177855,promotion,2025-10,16,10,AC,Consultant,Munich,AC,C,CAT6,,,
42863849-c152-4ba3-a5e8-29d296af9367_000366,b3138724-3b91-4c96-bfb6-d93c997ab12d,promotion,2025-10,19,13,AC,Consultant,Munich,AC,C,CAT12,,,
42863849-c152-4ba3-a5e8-29d296af9367_000367,c24e6dd7-8978-4c57-a789-222e3903fa8b,promotion,2025-10,19,13,AC,Consultant,Munich,AC,C,CAT12,,,
42863849-c152-4ba3-a5e8-29d296af9367_000368,485a6763-6731-40a1-80f6-7c6a2e7892b4,promotion,2025-10,21,13,AC,Consultant,Munich,AC,C,CAT12,,,
42863849-c152-4ba3-a5e8-29d296af9367_000369,5e612f26-1a83-4004-a8df-b562b55b39c0,promotion,2025-10,19,13,AC,Sales,Munich,AC,C,CAT12,,,
42863849-c152-4ba3-a5e8-29d296af9367_000370,ccdf4ec7-81d1-45a9-bf44-f5b2ed1a0187,promotion,2025-10,18,12,AC,Recruitment,Munich,AC,C,CAT12,,,
42863849-c152-4ba3-a5e8-29d296af9367_000371,5a5d17d3-d887-4edf-91ac-a5ca1f8b0ea0,recruitment,2025-10,0,0,AC,Consultant,Munich,,,,,,0.0028
42863849-c152-4ba3-a5e8-29d296af9367_000372,945a649d-661f-4e10-a6d4-97a201733d29,churn,2025-10,60,9,SrC,Sales,Munich,,,,,0.018,
42863849-c152-4ba3-a5e8-29d296af9367_000373,072a8c85-1198-4979-be89-0c0e490c8abb,promotion,2025-10,23,12,AC,Consultant,Hamburg,AC,C,CAT12,,,
42863849-c152-4ba3-a5e8-29d296af9367_000374,ec3ff3d0-fa67-4019-a0e9-78afae2bc554,promotion,2025-10,18,12,AC,Consultant,Hamburg,AC,C,CAT12,,,
42863849-c152-4ba3-a5e8-29d296af9367_000375,ced6e2da-0e4a-444c-b83e-dbe7dcfea139,promotion,2025-10,21,14,AC,Consultant,Hamburg,AC,C,CAT12,,,
42863849-c152-4ba3-a5e8-29d296af9367_000376,466103b2-da95-4dca-9180-99cd02758408,promotion,2025-10,18,12,AC,Consultant,Hamburg,AC,C,CAT12,,,
42863849-c152-4ba3-a5e8-29d296af9367_000377,6da228ca-761c-4022-9d8c-1d5451350ca6,promotion,2025-10,23,13,AC,Consultant,Hamburg,AC,C,CAT12,,,
42863849-c152-4ba3-a5e8-29d296af9367_000378,7e427de8-5c74-4c48-84e4-a6b312623b22,promotion,2025-10,24,14,AC,Consultant,Hamburg,AC,C,CAT12,,,
42863849-c152-4ba3-a5e8-29d296af9367_000379,6bc8419b-ef22-4970-92b0-c851cd591916,promotion,2025-10,18,12,AC,Consultant,Hamburg,AC,C,CAT12,,,
42863849-c152-4ba3-a5e8-29d296af9367_000380,16d542fe-e52f-4a38-9e27-efe1da2f93c1,promotion,2025-10,19,12,AC,Recruitment,Hamburg,AC,C,CAT12,,,
42863849-c152-4ba3-a5e8-29d296af9367_000381,c0e1188c-2bfe-4722-8ba3-ace80eb66968,promotion,2025-10,14,9,A,Consultant,Helsinki,A,AC,CAT6,,,
42863849-c152-4ba3-a5e8-29d296af9367_000382,605bfd3a-7433-4faf-a297-b428d88bc326,promotion,2025-10,16,10,AC,Consultant,Helsinki,AC,C,CAT6,,,
42863849-c152-4ba3-a5e8-29d296af9367_000383,bfc6768d-11d1-4903-a370-0ae1f1ce94e5,promotion,2025-10,20,14,AC,Consultant,Helsinki,AC,C,CAT12,,,
42863849-c152-4ba3-a5e8-29d296af9367_000384,790b6d8a-5809-4e51-9dda-9c65f76d9c1f,promotion,2025-10,16,10,AC,Consultant,Helsinki,AC,C,CAT6,,,
42863849-c152-4ba3-a5e8-29d296af9367_000385,882631d2-4e01-44ac-b3ab-b8f511bded36,promotion,2025-10,19,13,AC,Consultant,Helsinki,AC,C,CAT12,,,
42863849-c152-4ba3-a5e8-29d296af9367_000386,41805b93-c890-4164-861d-beda8278ed3a,promotion,2025-10,20,14,AC,Consultant,Helsinki,AC,C,CAT12,,,
42863849-c152-4ba3-a5e8-29d296af9367_000387,e53d1876-90e4-4ca2-a24f-3d54a6262fa6,promotion,2025-10,18,10,AC,Consultant,Helsinki,AC,C,CAT6,,,
42863849-c152-4ba3-a5e8-29d296af9367_000388,a3813487-0313-4064-a0e5-66066fc57a0b,promotion,2025-10,18,12,AC,Sales,Helsinki,AC,C,CAT12,,,
42863849-c152-4ba3-a5e8-29d296af9367_000389,c663b293-07bb-4e2d-8562-d5cc68433236,churn,2025-10,1,1,AC,Sales,Helsinki,,,,,0.018,
42863849-c152-4ba3-a5e8-29d296af9367_000390,042b2bce-9cf2-44a8-867d-2bf6e642a17d,promotion,2025-10,18,12,AC,Consultant,Oslo,AC,C,CAT12,,,
42863849-c152-4ba3-a5e8-29d296af9367_000391,0d228104-2a6c-4530-b2e1-56cb867ab8a7,promotion,2025-10,18,12,AC,Consultant,Oslo,AC,C,CAT12,,,
42863849-c152-4ba3-a5e8-29d296af9367_000392,1ad78a16-0de7-4a27-96a5-0f05c308a265,promotion,2025-10,15,9,AC,Consultant,Berlin,AC,C,CAT6,,,
42863849-c152-4ba3-a5e8-29d296af9367_000393,bd46184e-d9a5-41a5-96bb-ddca4e9343dd,promotion,2025-10,18,12,AC,Consultant,Berlin,AC,C,CAT12,,,
42863849-c152-4ba3-a5e8-29d296af9367_000394,9c434aa6-c63e-4c56-884d-20ec04981739,promotion,2025-10,21,12,AC,Consultant,Berlin,AC,C,CAT12,,,
42863849-c152-4ba3-a5e8-29d296af9367_000395,5fb30bdc-a574-4068-8c15-0dcbbc75ff1a,promotion,2025-10,20,13,AC,Consultant,Berlin,AC,C,CAT12,,,
42863849-c152-4ba3-a5e8-29d296af9367_000396,19fcd19d-d8e7-4c5b-8dab-245bce3f9596,promotion,2025-10,18,12,AC,Consultant,Copenhagen,AC,C,CAT12,,,
42863849-c152-4ba3-a5e8-29d296af9367_000397,26ae9470-dccc-487b-90b3-61a6e48ba0db,promotion,2025-10,23,12,AC,Consultant,Copenhagen,AC,C,CAT12,,,
42863849-c152-4ba3-a5e8-29d296af9367_000398,2f337751-6f57-4bee-b752-074b8f044a8d,promotion,2025-10,18,12,AC,Consultant,Copenhagen,AC,C,CAT12,,,
42863849-c152-4ba3-a5e8-29d296af9367_000399,4f7f7ffc-e96f-4e46-b3f6-4315b28a52a4,promotion,2025-10,24,13,AC,Consultant,Copenhagen,AC,C,CAT12,,,
42863849-c152-4ba3-a5e8-29d296af9367_000400,d51415ff-c1d7-454a-ad26-c36bf4025611,promotion,2025-10,21,14,AC,Consultant,Copenhagen,AC,C,CAT12,,,
42863849-c152-4ba3-a5e8-29d296af9367_000401,c7246898-cc26-454c-b743-faca64e86737,promotion,2025-10,18,12,AC,Consultant,Copenhagen,AC,C,CAT12,,,
42863849-c152-4ba3-a5e8-29d296af9367_000402,4ec6ca3e-2d0d-45ab-852b-a59f51d445e1,promotion,2025-10,19,13,AC,Sales,Copenhagen,AC,C,CAT12,,,
42863849-c152-4ba3-a5e8-29d296af9367_000403,183c7aa5-2c0a-4b25-ae2d-8b48a2e781d9,promotion,2025-10,19,13,AC,Sales,Zurich,AC,C,CAT12,,,
42863849-c152-4ba3-a5e8-29d296af9367_000404,efc94dbf-95cd-47d3-a7dd-2e35757200b0,promotion,2025-10,18,12,AC,Consultant,Frankfurt,AC,C,CAT12,,,
42863849-c152-4ba3-a5e8-29d296af9367_000405,7077ede1-1ea9-4797-9cb2-9487596aead3,promotion,2025-10,23,10,AC,Consultant,Frankfurt,AC,C,CAT6,,,
42863849-c152-4ba3-a5e8-29d296af9367_000406,957c01ac-098d-4d1c-bebf-732997cff7cd,promotion,2025-10,20,14,AC,Sales,Frankfurt,AC,SrC,CAT12,,,
42863849-c152-4ba3-a5e8-29d296af9367_000407,7ebcd883-7b71-48d7-a0a1-124db488f58e,promotion,2025-10,24,13,AC,Sales,Frankfurt,AC,SrC,CAT12,,,
42863849-c152-4ba3-a5e8-29d296af9367_000408,61fe6eef-16d5-4186-8b90-5271c31a401f,promotion,2025-10,21,14,AC,Sales,Cologne,AC,C,CAT12,,,
42863849-c152-4ba3-a5e8-29d296af9367_000409,d5c3f5da-10f2-4288-b9d1-7244ffc7559b,churn,2025-11,57,12,SrC,Consultant,Stockholm,,,,,0.0005,
42863849-c152-4ba3-a5e8-29d296af9367_000410,976ef7b6-6c51-4b48-b5a5-25df4cf26ce9,churn,2025-11,16,7,AC,Sales,Stockholm,,,,,0.018,
42863849-c152-4ba3-a5e8-29d296af9367_000411,f1cea035-392c-46f2-9768-0fe7ce1208ac,churn,2025-11,95,31,AM,Sales,Stockholm,,,,,0.018,
42863849-c152-4ba3-a5e8-29d296af9367_000412,302c30be-ba89-4ac9-8744-151b14e71211,recruitment,2025-12,0,0,AM,Sales,Stockholm,,,,,,0.008
42863849-c152-4ba3-a5e8-29d296af9367_000413,f8af9d98-6499-4223-8505-67de39979c55,churn,2025-12,156,37,M,Sales,Munich,,,,,0.018,
42863849-c152-4ba3-a5e8-29d296af9367_000414,826c1be2-ca0d-4c51-acd4-3734946c1bdd,churn,2025-12,75,24,AM,Recruitment,Munich,,,,,0.016,
42863849-c152-4ba3-a5e8-29d296af9367_000415,a4b364a7-ec88-4473-a48b-d3c6a897c30a,churn,2025-12,27,12,C,Sales,Hamburg,,,,,0.018,
